Image_name,Plane
Plane3_1,Fetal brain
Plane3_2,Fetal brain
Plane3_3,Fetal brain
Plane3_4,Fetal brain
Plane3_5,Fetal brain
Plane3_6,Fetal brain
Plane3_7,Fetal brain
Plane3_8,Fetal brain
Plane3_9,Fetal brain
Plane3_10,Fetal brain
Plane3_11,Fetal brain
Plane3_12,Fetal brain
Plane3_13,Fetal brain
Plane3_14,Fetal brain
Plane3_15,Fetal brain
Plane3_16,Fetal brain
Plane3_17,Fetal brain
Plane3_18,Fetal brain
Plane3_19,Fetal brain
Plane3_20,Fetal brain
Plane3_21,Fetal brain
Plane3_22,Fetal brain
Plane3_23,Fetal brain
Plane3_24,Fetal brain
Plane3_25,Fetal brain
Plane3_26,Fetal brain
Plane3_27,Fetal brain
Plane3_28,Fetal brain
Plane3_29,Fetal brain
Plane3_30,Fetal brain
Plane3_31,Fetal brain
Plane3_32,Fetal brain
Plane3_33,Fetal brain
Plane3_34,Fetal brain
Plane3_35,Fetal brain
Plane3_36,Fetal brain
Plane3_37,Fetal brain
Plane3_38,Fetal brain
Plane3_39,Fetal brain
Plane3_40,Fetal brain
Plane3_41,Fetal brain
Plane3_42,Fetal brain
Plane3_43,Fetal brain
Plane3_44,Fetal brain
Plane3_45,Fetal brain
Plane3_46,Fetal brain
Plane3_47,Fetal brain
Plane3_48,Fetal brain
Plane3_49,Fetal brain
Plane3_50,Fetal brain
Plane3_51,Fetal brain
Plane3_52,Fetal brain
Plane3_53,Fetal brain
Plane3_54,Fetal brain
Plane3_55,Fetal brain
Plane3_56,Fetal brain
Plane3_57,Fetal brain
Plane3_58,Fetal brain
Plane3_59,Fetal brain
Plane3_60,Fetal brain
Plane3_61,Fetal brain
Plane3_62,Fetal brain
Plane3_63,Fetal brain
Plane3_64,Fetal brain
Plane3_65,Fetal brain
Plane3_66,Fetal brain
Plane3_67,Fetal brain
Plane3_68,Fetal brain
Plane3_69,Fetal brain
Plane3_70,Fetal brain
Plane3_71,Fetal brain
Plane3_72,Fetal brain
Plane3_73,Fetal brain
Plane3_74,Fetal brain
Plane3_75,Fetal brain
Plane3_76,Fetal brain
Plane3_77,Fetal brain
Plane3_78,Fetal brain
Plane3_79,Fetal brain
Plane3_80,Fetal brain
Plane3_81,Fetal brain
Plane3_82,Fetal brain
Plane3_83,Fetal brain
Plane3_84,Fetal brain
Plane3_85,Fetal brain
Plane3_86,Fetal brain
Plane3_87,Fetal brain
Plane3_88,Fetal brain
Plane3_89,Fetal brain
Plane3_90,Fetal brain
Plane3_91,Fetal brain
Plane3_92,Fetal brain
Plane3_93,Fetal brain
Plane3_94,Fetal brain
Plane3_95,Fetal brain
Plane3_96,Fetal brain
Plane3_97,Fetal brain
Plane3_98,Fetal brain
Plane3_99,Fetal brain
Plane3_100,Fetal brain
Plane3_101,Fetal brain
Plane3_102,Fetal brain
Plane3_103,Fetal brain
Plane3_104,Fetal brain
Plane3_105,Fetal brain
Plane3_106,Fetal brain
Plane3_107,Fetal brain
Plane3_108,Fetal brain
Plane3_109,Fetal brain
Plane3_110,Fetal brain
Plane3_111,Fetal brain
Plane3_112,Fetal brain
Plane3_113,Fetal brain
Plane3_114,Fetal brain
Plane3_115,Fetal brain
Plane3_116,Fetal brain
Plane3_117,Fetal brain
Plane3_118,Fetal brain
Plane3_119,Fetal brain
Plane3_120,Fetal brain
Plane3_121,Fetal brain
Plane3_122,Fetal brain
Plane3_123,Fetal brain
Plane3_124,Fetal brain
Plane3_125,Fetal brain
Plane3_126,Fetal brain
Plane3_127,Fetal brain
Plane3_128,Fetal brain
Plane3_129,Fetal brain
Plane3_130,Fetal brain
Plane3_131,Fetal brain
Plane3_132,Fetal brain
Plane3_133,Fetal brain
Plane3_134,Fetal brain
Plane3_135,Fetal brain
Plane3_136,Fetal brain
Plane3_137,Fetal brain
Plane3_138,Fetal brain
Plane3_139,Fetal brain
Plane3_140,Fetal brain
Plane3_141,Fetal brain
Plane3_142,Fetal brain
Plane3_143,Fetal brain
Plane3_144,Fetal brain
Plane3_145,Fetal brain
Plane3_146,Fetal brain
Plane3_147,Fetal brain
Plane3_148,Fetal brain
Plane3_149,Fetal brain
Plane3_150,Fetal brain
Plane3_151,Fetal brain
Plane3_152,Fetal brain
Plane3_153,Fetal brain
Plane3_154,Fetal brain
Plane3_155,Fetal brain
Plane3_156,Fetal brain
Plane3_157,Fetal brain
Plane3_158,Fetal brain
Plane3_159,Fetal brain
Plane3_160,Fetal brain
Plane3_161,Fetal brain
Plane3_162,Fetal brain
Plane3_163,Fetal brain
Plane3_164,Fetal brain
Plane3_165,Fetal brain
Plane3_166,Fetal brain
Plane3_167,Fetal brain
Plane3_168,Fetal brain
Plane3_169,Fetal brain
Plane3_170,Fetal brain
Plane3_171,Fetal brain
Plane3_172,Fetal brain
Plane3_173,Fetal brain
Plane3_174,Fetal brain
Plane3_175,Fetal brain
Plane3_176,Fetal brain
Plane3_177,Fetal brain
Plane3_178,Fetal brain
Plane3_179,Fetal brain
Plane3_180,Fetal brain
Plane3_181,Fetal brain
Plane3_182,Fetal brain
Plane3_183,Fetal brain
Plane3_184,Fetal brain
Plane3_185,Fetal brain
Plane3_186,Fetal brain
Plane3_187,Fetal brain
Plane3_188,Fetal brain
Plane3_189,Fetal brain
Plane3_190,Fetal brain
Plane3_191,Fetal brain
Plane3_192,Fetal brain
Plane3_193,Fetal brain
Plane3_194,Fetal brain
Plane3_195,Fetal brain
Plane3_196,Fetal brain
Plane3_197,Fetal brain
Plane3_198,Fetal brain
Plane3_199,Fetal brain
Plane3_200,Fetal brain
Plane3_201,Fetal brain
Plane3_202,Fetal brain
Plane3_203,Fetal brain
Plane3_204,Fetal brain
Plane3_205,Fetal brain
Plane3_206,Fetal brain
Plane3_207,Fetal brain
Plane3_208,Fetal brain
Plane3_209,Fetal brain
Plane3_210,Fetal brain
Plane3_211,Fetal brain
Plane3_212,Fetal brain
Plane3_213,Fetal brain
Plane3_214,Fetal brain
Plane3_215,Fetal brain
Plane3_216,Fetal brain
Plane3_217,Fetal brain
Plane3_218,Fetal brain
Plane3_219,Fetal brain
Plane3_220,Fetal brain
Plane3_221,Fetal brain
Plane3_222,Fetal brain
Plane3_223,Fetal brain
Plane3_224,Fetal brain
Plane3_225,Fetal brain
Plane3_226,Fetal brain
Plane3_227,Fetal brain
Plane3_228,Fetal brain
Plane3_229,Fetal brain
Plane3_230,Fetal brain
Plane3_231,Fetal brain
Plane3_232,Fetal brain
Plane3_233,Fetal brain
Plane3_234,Fetal brain
Plane3_235,Fetal brain
Plane3_236,Fetal brain
Plane3_237,Fetal brain
Plane3_238,Fetal brain
Plane3_239,Fetal brain
Plane3_240,Fetal brain
Plane3_241,Fetal brain
Plane3_242,Fetal brain
Plane3_243,Fetal brain
Plane3_244,Fetal brain
Plane3_245,Fetal brain
Plane3_246,Fetal brain
Plane3_247,Fetal brain
Plane3_248,Fetal brain
Plane3_249,Fetal brain
Plane3_250,Fetal brain
Plane3_251,Fetal brain
Plane3_252,Fetal brain
Plane3_253,Fetal brain
Plane3_254,Fetal brain
Plane3_255,Fetal brain
Plane3_256,Fetal brain
Plane3_257,Fetal brain
Plane3_258,Fetal brain
Plane3_259,Fetal brain
Plane3_260,Fetal brain
Plane3_261,Fetal brain
Plane3_262,Fetal brain
Plane3_263,Fetal brain
Plane3_264,Fetal brain
Plane3_265,Fetal brain
Plane3_266,Fetal brain
Plane3_267,Fetal brain
Plane3_268,Fetal brain
Plane3_269,Fetal brain
Plane3_270,Fetal brain
Plane3_271,Fetal brain
Plane3_272,Fetal brain
Plane3_273,Fetal brain
Plane3_274,Fetal brain
Plane3_275,Fetal brain
Plane3_276,Fetal brain
Plane3_277,Fetal brain
Plane3_278,Fetal brain
Plane3_279,Fetal brain
Plane3_280,Fetal brain
Plane3_281,Fetal brain
Plane3_282,Fetal brain
Plane3_283,Fetal brain
Plane3_284,Fetal brain
Plane3_285,Fetal brain
Plane3_286,Fetal brain
Plane3_287,Fetal brain
Plane3_288,Fetal brain
Plane3_289,Fetal brain
Plane3_290,Fetal brain
Plane3_291,Fetal brain
Plane3_292,Fetal brain
Plane3_293,Fetal brain
Plane3_294,Fetal brain
Plane3_295,Fetal brain
Plane3_296,Fetal brain
Plane3_297,Fetal brain
Plane3_298,Fetal brain
Plane3_299,Fetal brain
Plane3_300,Fetal brain
Plane3_301,Fetal brain
Plane3_302,Fetal brain
Plane3_303,Fetal brain
Plane3_304,Fetal brain
Plane3_305,Fetal brain
Plane3_306,Fetal brain
Plane3_307,Fetal brain
Plane3_308,Fetal brain
Plane3_309,Fetal brain
Plane3_310,Fetal brain
Plane3_311,Fetal brain
Plane3_312,Fetal brain
Plane3_313,Fetal brain
Plane3_314,Fetal brain
Plane3_315,Fetal brain
Plane3_316,Fetal brain
Plane3_317,Fetal brain
Plane3_318,Fetal brain
Plane3_319,Fetal brain
Plane3_320,Fetal brain
Plane3_321,Fetal brain
Plane3_322,Fetal brain
Plane3_323,Fetal brain
Plane3_324,Fetal brain
Plane3_325,Fetal brain
Plane3_326,Fetal brain
Plane3_327,Fetal brain
Plane3_328,Fetal brain
Plane3_329,Fetal brain
Plane3_330,Fetal brain
Plane3_331,Fetal brain
Plane3_332,Fetal brain
Plane3_333,Fetal brain
Plane3_334,Fetal brain
Plane3_335,Fetal brain
Plane3_336,Fetal brain
Plane3_337,Fetal brain
Plane3_338,Fetal brain
Plane3_339,Fetal brain
Plane3_340,Fetal brain
Plane3_341,Fetal brain
Plane3_342,Fetal brain
Plane3_343,Fetal brain
Plane3_344,Fetal brain
Plane3_345,Fetal brain
Plane3_346,Fetal brain
Plane3_347,Fetal brain
Plane3_348,Fetal brain
Plane3_349,Fetal brain
Plane3_350,Fetal brain
Plane3_351,Fetal brain
Plane3_352,Fetal brain
Plane3_353,Fetal brain
Plane3_354,Fetal brain
Plane3_355,Fetal brain
Plane3_356,Fetal brain
Plane3_357,Fetal brain
Plane3_358,Fetal brain
Plane3_359,Fetal brain
Plane3_360,Fetal brain
Plane3_361,Fetal brain
Plane3_362,Fetal brain
Plane3_363,Fetal brain
Plane3_364,Fetal brain
Plane3_365,Fetal brain
Plane3_366,Fetal brain
Plane3_367,Fetal brain
Plane3_368,Fetal brain
Plane3_369,Fetal brain
Plane3_370,Fetal brain
Plane3_371,Fetal brain
Plane3_372,Fetal brain
Plane3_373,Fetal brain
Plane3_374,Fetal brain
Plane3_375,Fetal brain
Plane3_376,Fetal brain
Plane3_377,Fetal brain
Plane3_378,Fetal brain
Plane3_379,Fetal brain
Plane3_380,Fetal brain
Plane3_381,Fetal brain
Plane3_382,Fetal brain
Plane3_383,Fetal brain
Plane3_384,Fetal brain
Plane3_385,Fetal brain
Plane3_386,Fetal brain
Plane3_387,Fetal brain
Plane3_388,Fetal brain
Plane3_389,Fetal brain
Plane3_390,Fetal brain
Plane3_391,Fetal brain
Plane3_392,Fetal brain
Plane3_393,Fetal brain
Plane3_394,Fetal brain
Plane3_395,Fetal brain
Plane3_396,Fetal brain
Plane3_397,Fetal brain
Plane3_398,Fetal brain
Plane3_399,Fetal brain
Plane3_400,Fetal brain
Plane3_401,Fetal brain
Plane3_402,Fetal brain
Plane3_403,Fetal brain
Plane3_404,Fetal brain
Plane3_405,Fetal brain
Plane3_406,Fetal brain
Plane3_407,Fetal brain
Plane3_408,Fetal brain
Plane3_409,Fetal brain
Plane3_410,Fetal brain
Plane3_411,Fetal brain
Plane3_412,Fetal brain
Plane3_413,Fetal brain
Plane3_414,Fetal brain
Plane3_415,Fetal brain
Plane3_416,Fetal brain
Plane3_417,Fetal brain
Plane3_418,Fetal brain
Plane3_419,Fetal brain
Plane3_420,Fetal brain
Plane3_421,Fetal brain
Plane3_422,Fetal brain
Plane3_423,Fetal brain
Plane3_424,Fetal brain
Plane3_425,Fetal brain
Plane3_426,Fetal brain
Plane3_427,Fetal brain
Plane3_428,Fetal brain
Plane3_429,Fetal brain
Plane3_430,Fetal brain
Plane3_431,Fetal brain
Plane3_432,Fetal brain
Plane3_433,Fetal brain
Plane3_434,Fetal brain
Plane3_435,Fetal brain
Plane3_436,Fetal brain
Plane3_437,Fetal brain
Plane3_438,Fetal brain
Plane3_439,Fetal brain
Plane3_440,Fetal brain
Plane3_441,Fetal brain
Plane3_442,Fetal brain
Plane3_443,Fetal brain
Plane3_444,Fetal brain
Plane3_445,Fetal brain
Plane3_446,Fetal brain
Plane3_447,Fetal brain
Plane3_448,Fetal brain
Plane3_449,Fetal brain
Plane3_450,Fetal brain
Plane3_451,Fetal brain
Plane3_452,Fetal brain
Plane3_453,Fetal brain
Plane3_454,Fetal brain
Plane3_455,Fetal brain
Plane3_456,Fetal brain
Plane3_457,Fetal brain
Plane3_458,Fetal brain
Plane3_459,Fetal brain
Plane3_460,Fetal brain
Plane3_461,Fetal brain
Plane3_462,Fetal brain
Plane3_463,Fetal brain
Plane3_464,Fetal brain
Plane3_465,Fetal brain
Plane3_466,Fetal brain
Plane3_467,Fetal brain
Plane3_468,Fetal brain
Plane3_469,Fetal brain
Plane3_470,Fetal brain
Plane3_471,Fetal brain
Plane3_472,Fetal brain
Plane3_473,Fetal brain
Plane3_474,Fetal brain
Plane3_475,Fetal brain
Plane3_476,Fetal brain
Plane3_477,Fetal brain
Plane3_478,Fetal brain
Plane3_479,Fetal brain
Plane3_480,Fetal brain
Plane3_481,Fetal brain
Plane3_482,Fetal brain
Plane3_483,Fetal brain
Plane3_484,Fetal brain
Plane3_485,Fetal brain
Plane3_486,Fetal brain
Plane3_487,Fetal brain
Plane3_488,Fetal brain
Plane3_489,Fetal brain
Plane3_490,Fetal brain
Plane3_491,Fetal brain
Plane3_492,Fetal brain
Plane3_493,Fetal brain
Plane3_494,Fetal brain
Plane3_495,Fetal brain
Plane3_496,Fetal brain
Plane3_497,Fetal brain
Plane3_498,Fetal brain
Plane3_499,Fetal brain
Plane3_500,Fetal brain
Plane3_501,Fetal brain
Plane3_502,Fetal brain
Plane3_503,Fetal brain
Plane3_504,Fetal brain
Plane3_505,Fetal brain
Plane3_506,Fetal brain
Plane3_507,Fetal brain
Plane3_508,Fetal brain
Plane3_509,Fetal brain
Plane3_510,Fetal brain
Plane3_511,Fetal brain
Plane3_512,Fetal brain
Plane3_513,Fetal brain
Plane3_514,Fetal brain
Plane3_515,Fetal brain
Plane3_516,Fetal brain
Plane3_517,Fetal brain
Plane3_518,Fetal brain
Plane3_519,Fetal brain
Plane3_520,Fetal brain
Plane3_521,Fetal brain
Plane3_522,Fetal brain
Plane3_523,Fetal brain
Plane3_524,Fetal brain
Plane3_525,Fetal brain
Plane3_526,Fetal brain
Plane3_527,Fetal brain
Plane3_528,Fetal brain
Plane3_529,Fetal brain
Plane3_530,Fetal brain
Plane3_531,Fetal brain
Plane3_532,Fetal brain
Plane3_533,Fetal femur
Plane3_534,Fetal femur
Plane3_535,Fetal femur
Plane3_536,Fetal femur
Plane3_537,Fetal femur
Plane3_538,Fetal femur
Plane3_539,Fetal femur
Plane3_540,Fetal femur
Plane3_541,Fetal femur
Plane3_542,Fetal femur
Plane3_543,Fetal femur
Plane3_544,Fetal femur
Plane3_545,Fetal femur
Plane3_546,Fetal femur
Plane3_547,Fetal femur
Plane3_548,Fetal brain
Plane3_549,Fetal brain
Plane3_550,Fetal brain
Plane3_551,Fetal brain
Plane3_552,Fetal brain
Plane3_553,Fetal brain
Plane3_554,Fetal brain
Plane5_1,Fetal brain
Plane5_2,Fetal brain
Plane5_3,Fetal brain
Plane5_4,Fetal brain
Plane5_5,Fetal brain
Plane5_6,Fetal brain
Plane5_7,Fetal brain
Plane5_8,Fetal brain
Plane5_9,Fetal brain
Plane5_10,Fetal brain
Plane5_11,Fetal brain
Plane5_12,Fetal brain
Plane5_13,Fetal brain
Plane5_14,Fetal brain
Plane5_15,Fetal brain
Plane5_16,Fetal brain
Plane5_17,Fetal femur
Plane5_18,Fetal femur
Plane5_19,Fetal femur
Plane5_20,Fetal femur
Plane5_21,Fetal femur
Plane5_22,Fetal femur
Plane5_23,Fetal femur
Plane5_24,Fetal femur
Plane5_25,Fetal femur
Plane5_26,Fetal femur
Plane5_27,Fetal femur
Plane5_28,Fetal femur
Plane5_29,Fetal femur
Plane5_30,Fetal femur
Plane5_31,Fetal femur
Plane5_32,Fetal femur
Plane5_33,Fetal femur
Plane5_34,Fetal femur
Plane5_35,Fetal femur
Plane5_36,Fetal femur
Plane5_37,Fetal femur
Plane5_38,Fetal femur
Plane5_39,Fetal femur
Plane5_40,Fetal femur
Plane5_41,Fetal femur
Plane5_42,Fetal femur
Plane5_43,Fetal femur
Plane5_44,Fetal femur
Plane5_45,Fetal femur
Plane5_46,Fetal femur
Plane5_47,Fetal femur
Plane5_48,Fetal femur
Plane5_49,Fetal femur
Plane5_50,Fetal femur
Plane5_51,Fetal femur
Plane5_52,Fetal femur
Plane5_53,Fetal femur
Plane5_54,Fetal femur
Plane5_55,Fetal femur
Plane5_56,Fetal femur
Plane5_57,Fetal femur
Plane5_58,Fetal femur
Plane5_59,Fetal femur
Plane5_60,Fetal femur
Plane5_61,Fetal femur
Plane5_62,Fetal femur
Plane5_63,Fetal femur
Plane5_64,Fetal femur
Plane5_65,Fetal femur
Plane5_66,Fetal femur
Plane5_67,Fetal femur
Plane5_68,Fetal femur
Plane5_69,Fetal femur
Plane5_70,Fetal femur
Plane5_71,Fetal femur
Plane5_72,Fetal femur
Plane5_73,Fetal femur
Plane5_74,Fetal femur
Plane5_75,Fetal femur
Plane5_76,Fetal femur
Plane5_77,Fetal femur
Plane5_78,Fetal femur
Plane5_79,Fetal femur
Plane5_80,Fetal femur
Plane5_81,Fetal femur
Plane5_82,Fetal femur
Plane5_83,Fetal femur
Plane5_84,Fetal femur
Plane5_85,Fetal femur
Plane5_86,Fetal femur
Plane5_87,Fetal femur
Plane5_88,Fetal femur
Plane5_89,Fetal femur
Plane5_90,Fetal femur
Plane5_91,Fetal femur
Plane5_92,Fetal femur
Plane5_93,Fetal femur
Plane5_94,Fetal femur
Plane5_95,Fetal femur
Plane5_96,Fetal femur
Plane5_97,Fetal femur
Plane5_98,Fetal femur
Plane5_99,Fetal femur
Plane5_100,Fetal femur
Plane5_101,Fetal femur
Plane5_102,Fetal femur
Plane5_103,Fetal femur
Plane5_104,Fetal femur
Plane5_105,Fetal femur
Plane5_106,Fetal femur
Plane5_107,Fetal femur
Plane5_108,Fetal femur
Plane5_109,Fetal femur
Plane5_110,Fetal femur
Plane5_111,Fetal femur
Plane5_112,Fetal femur
Plane5_113,Fetal femur
Plane5_114,Fetal femur
Plane5_115,Fetal femur
Plane5_116,Fetal femur
Plane5_117,Fetal femur
Plane5_118,Fetal femur
Plane5_119,Fetal femur
Plane5_120,Fetal femur
Plane5_121,Fetal femur
Plane5_122,Fetal femur
Plane5_123,Fetal femur
Plane5_124,Fetal femur
Plane5_125,Fetal femur
Plane5_126,Fetal femur
Plane5_127,Fetal femur
Plane5_128,Fetal femur
Plane5_129,Fetal femur
Plane5_130,Fetal femur
Plane5_131,Fetal femur
Plane5_132,Fetal femur
Plane5_133,Fetal femur
Plane5_134,Fetal femur
Plane5_135,Fetal femur
Plane5_136,Fetal femur
Plane5_137,Fetal femur
Plane5_138,Fetal femur
Plane5_139,Fetal femur
Plane5_140,Fetal femur
Plane5_141,Fetal femur
Plane5_142,Fetal femur
Plane5_143,Fetal femur
Plane5_144,Fetal femur
Plane5_145,Fetal femur
Plane5_146,Fetal femur
Plane5_147,Fetal femur
Plane5_148,Fetal femur
Plane5_149,Fetal femur
Plane5_150,Fetal femur
Plane5_151,Fetal femur
Plane5_152,Fetal femur
Plane5_153,Fetal femur
Plane5_154,Fetal femur
Plane5_155,Fetal femur
Plane5_156,Fetal femur
Plane5_157,Fetal femur
Plane5_158,Fetal femur
Plane5_159,Fetal femur
Plane5_160,Fetal femur
Plane5_161,Fetal femur
Plane5_162,Fetal femur
Plane5_163,Fetal femur
Plane5_164,Fetal femur
Plane5_165,Fetal femur
Plane5_166,Fetal femur
Plane5_167,Fetal femur
Plane5_168,Fetal femur
Plane5_169,Fetal femur
Plane5_170,Fetal femur
Plane5_171,Fetal femur
Plane5_172,Fetal femur
Plane5_173,Fetal femur
Plane5_174,Fetal femur
Plane5_175,Fetal femur
Plane5_176,Fetal femur
Plane5_177,Fetal femur
Plane5_178,Fetal femur
Plane5_179,Fetal femur
Plane5_180,Fetal femur
Plane5_181,Fetal femur
Plane5_182,Fetal femur
Plane5_183,Fetal femur
Plane5_184,Fetal femur
Plane5_185,Fetal femur
Plane5_186,Fetal femur
Plane5_187,Fetal femur
Plane5_188,Fetal femur
Plane5_189,Fetal femur
Plane5_190,Fetal femur
Plane5_191,Fetal femur
Plane5_192,Fetal femur
Plane5_193,Fetal femur
Plane5_194,Fetal femur
Plane5_195,Fetal femur
Plane5_196,Fetal femur
Plane5_197,Fetal femur
Plane5_198,Fetal femur
Plane5_199,Fetal femur
Plane5_200,Fetal femur
Plane5_201,Fetal femur
Plane5_202,Fetal femur
Plane5_203,Fetal femur
Plane5_204,Fetal femur
Plane5_205,Fetal femur
Plane5_206,Fetal femur
Plane5_207,Fetal femur
Plane5_208,Fetal femur
Plane5_209,Fetal femur
Plane5_210,Fetal femur
Plane5_211,Fetal femur
Plane5_212,Fetal femur
Plane5_213,Fetal femur
Plane5_214,Fetal femur
Plane5_215,Fetal femur
Plane5_216,Fetal femur
Plane5_217,Fetal femur
Plane5_218,Fetal femur
Plane5_219,Fetal femur
Plane5_220,Fetal femur
Plane5_221,Fetal femur
Plane5_222,Fetal femur
Plane5_223,Fetal femur
Plane5_224,Fetal femur
Plane5_225,Fetal femur
Plane5_226,Fetal femur
Plane5_227,Fetal femur
Plane5_228,Fetal femur
Plane5_229,Fetal femur
Plane5_230,Fetal femur
Plane5_231,Fetal femur
Plane5_232,Fetal femur
Plane5_233,Fetal femur
Plane5_234,Fetal femur
Plane5_235,Fetal femur
Plane5_236,Fetal femur
Plane5_237,Fetal femur
Plane5_238,Fetal femur
Plane5_239,Fetal femur
Plane5_240,Fetal femur
Plane5_241,Fetal femur
Plane5_242,Fetal femur
Plane5_243,Fetal femur
Plane5_244,Fetal femur
Plane5_245,Fetal femur
Plane5_246,Fetal femur
Plane5_247,Fetal femur
Plane5_248,Fetal femur
Plane5_249,Fetal femur
Plane5_250,Fetal femur
Plane5_251,Fetal femur
Plane5_252,Fetal femur
Plane5_253,Fetal femur
Plane5_254,Fetal femur
Plane5_255,Fetal femur
Plane5_256,Fetal femur
Plane5_257,Fetal femur
Plane5_258,Fetal femur
Plane5_259,Fetal femur
Plane5_260,Fetal femur
Plane5_261,Fetal femur
Plane5_262,Fetal femur
Plane5_263,Fetal femur
Plane5_264,Fetal femur
Plane5_265,Fetal femur
Plane5_266,Fetal femur
Plane5_267,Fetal femur
Plane5_268,Fetal femur
Plane5_269,Fetal femur
Plane5_270,Fetal femur
Plane5_271,Fetal femur
Plane5_272,Fetal femur
Plane5_273,Fetal femur
Plane5_274,Fetal femur
Plane5_275,Fetal femur
Plane5_276,Fetal femur
Plane5_277,Fetal femur
Plane5_278,Fetal femur
Plane5_279,Fetal femur
Plane5_280,Fetal femur
Plane5_281,Fetal femur
Plane5_282,Fetal femur
Plane5_283,Fetal femur
Plane5_284,Fetal femur
Plane6_1,Fetal thorax
Plane6_2,Fetal thorax
Plane6_3,Fetal thorax
Plane6_4,Fetal thorax
Plane6_5,Fetal thorax
Plane6_6,Fetal thorax
Plane6_7,Fetal thorax
Plane6_8,Fetal thorax
Plane6_9,Fetal thorax
Plane6_10,Fetal thorax
Plane6_11,Fetal thorax
Plane6_12,Fetal thorax
Plane6_13,Fetal thorax
Plane6_14,Fetal thorax
Plane6_15,Fetal thorax
Plane6_16,Fetal thorax
Plane6_17,Fetal thorax
Plane6_18,Fetal thorax
Plane6_19,Fetal thorax
Plane6_20,Fetal thorax
Plane6_21,Fetal thorax
Plane6_22,Fetal thorax
Plane6_23,Fetal thorax
Plane6_24,Fetal thorax
Plane6_25,Fetal thorax
Plane6_26,Fetal thorax
Plane6_27,Fetal thorax
Plane6_28,Fetal thorax
Plane6_29,Fetal thorax
Plane6_30,Fetal thorax
Plane6_31,Fetal thorax
Plane6_32,Fetal thorax
Plane6_33,Fetal thorax
Plane6_34,Fetal thorax
Plane6_35,Fetal thorax
Plane6_36,Fetal thorax
Plane6_37,Fetal thorax
Plane6_38,Fetal thorax
Plane6_39,Fetal thorax
Plane6_40,Fetal thorax
Plane6_41,Fetal thorax
Plane6_42,Fetal thorax
Plane6_43,Fetal thorax
Plane6_44,Fetal thorax
Plane6_45,Fetal thorax
Plane6_46,Fetal thorax
Plane6_47,Fetal thorax
Plane6_48,Fetal thorax
Plane6_49,Fetal thorax
Plane6_50,Fetal thorax
Plane6_51,Fetal thorax
Plane6_52,Fetal thorax
Plane6_53,Fetal thorax
Plane6_54,Fetal thorax
Plane6_55,Fetal thorax
Plane6_56,Fetal thorax
Plane6_57,Fetal thorax
Plane6_58,Fetal thorax
Plane6_59,Fetal thorax
Plane6_60,Fetal thorax
Plane6_61,Fetal thorax
Plane6_62,Fetal thorax
Plane6_63,Fetal thorax
Plane6_64,Fetal thorax
Plane6_65,Fetal thorax
Plane6_66,Fetal thorax
Plane6_67,Fetal thorax
Plane6_68,Fetal thorax
Plane6_69,Fetal thorax
Plane6_70,Fetal thorax
Plane6_71,Fetal thorax
Plane6_72,Fetal thorax
Plane6_73,Fetal thorax
Plane6_74,Fetal thorax
Plane6_75,Fetal thorax
Plane6_76,Fetal thorax
Plane6_77,Fetal thorax
Plane6_78,Fetal thorax
Plane6_79,Fetal thorax
Plane6_80,Fetal thorax
Plane6_81,Fetal thorax
Plane6_82,Fetal thorax
Plane6_83,Fetal thorax
Plane6_84,Fetal thorax
Plane6_85,Fetal thorax
Plane6_86,Fetal abdomen
Plane6_87,Fetal abdomen
Plane6_88,Fetal abdomen
Plane6_89,Fetal abdomen
Plane6_90,Fetal abdomen
Plane6_91,Fetal abdomen
Plane6_92,Fetal thorax
Plane6_93,Fetal thorax
Plane6_94,Fetal thorax
Plane6_95,Fetal thorax
Plane6_96,Fetal thorax
Plane6_97,Fetal thorax
Plane6_98,Fetal thorax
Plane6_99,Fetal thorax
Plane6_100,Fetal thorax
Plane6_101,Fetal thorax
Plane6_102,Fetal thorax
Plane6_103,Fetal thorax
Plane6_104,Fetal thorax
Plane6_105,Fetal thorax
Plane6_106,Fetal thorax
Plane6_107,Fetal thorax
Plane6_108,Fetal thorax
Plane6_109,Fetal thorax
Plane6_110,Fetal thorax
Plane6_111,Fetal thorax
Plane6_112,Fetal thorax
Plane6_113,Fetal thorax
Plane6_114,Fetal thorax
Plane6_115,Fetal thorax
Plane6_116,Fetal thorax
Plane6_117,Fetal thorax
Plane6_118,Fetal thorax
Plane6_119,Fetal thorax
Plane6_120,Fetal thorax
Plane6_121,Fetal thorax
Plane6_122,Fetal thorax
Plane6_123,Fetal thorax
Plane6_124,Fetal thorax
Plane6_125,Fetal thorax
Plane6_126,Fetal thorax
Plane6_127,Fetal thorax
Plane6_128,Fetal thorax
Plane6_129,Fetal thorax
Plane6_130,Fetal thorax
Plane6_131,Fetal thorax
Plane6_132,Fetal thorax
Plane6_133,Fetal thorax
Plane6_134,Fetal thorax
Plane6_135,Fetal thorax
Plane6_136,Fetal thorax
Plane6_137,Fetal thorax
Plane6_138,Fetal thorax
Plane6_139,Fetal thorax
Plane6_140,Fetal thorax
Plane6_141,Fetal thorax
Plane6_142,Fetal thorax
Plane6_143,Fetal thorax
Plane6_144,Fetal thorax
Plane6_145,Fetal thorax
Plane6_146,Fetal thorax
Plane6_147,Fetal thorax
Plane6_148,Fetal thorax
Plane6_149,Fetal thorax
Plane6_150,Fetal thorax
Plane6_151,Fetal thorax
Plane6_152,Fetal thorax
Plane6_153,Fetal thorax
Plane6_154,Fetal thorax
Plane6_155,Fetal thorax
Plane6_156,Fetal thorax
Plane6_157,Fetal thorax
Plane6_158,Fetal thorax
Plane6_159,Fetal thorax
Plane6_160,Fetal thorax
Plane6_161,Fetal thorax
Plane6_162,Fetal thorax
Plane6_163,Fetal thorax
Plane6_164,Fetal thorax
Plane6_165,Fetal thorax
Plane6_166,Fetal thorax
Plane6_167,Fetal thorax
Plane6_168,Fetal thorax
Plane6_169,Fetal thorax
Plane6_170,Fetal thorax
Plane6_171,Fetal thorax
Plane6_172,Fetal thorax
Plane6_173,Fetal thorax
Plane6_174,Fetal thorax
Plane6_175,Fetal thorax
Plane6_176,Fetal thorax
Plane6_177,Fetal thorax
Plane6_178,Fetal thorax
Plane6_179,Fetal thorax
Plane6_180,Fetal thorax
Plane6_181,Fetal thorax
Plane6_182,Fetal thorax
Plane6_183,Fetal thorax
Plane6_184,Fetal thorax
Plane6_185,Fetal thorax
Plane6_186,Fetal thorax
Plane6_187,Fetal thorax
Plane6_188,Fetal thorax
Plane6_189,Fetal thorax
Plane6_190,Fetal thorax
Plane6_191,Fetal thorax
Plane6_192,Fetal thorax
Plane6_193,Fetal thorax
Plane6_194,Fetal thorax
Plane6_195,Fetal thorax
Plane6_196,Fetal thorax
Plane6_197,Fetal thorax
Plane6_198,Fetal thorax
Plane6_199,Fetal thorax
Plane6_200,Fetal thorax
Plane6_201,Fetal thorax
Plane6_202,Fetal thorax
Plane6_203,Fetal thorax
Plane6_204,Fetal thorax
Plane6_205,Fetal thorax
Plane6_206,Fetal thorax
Plane6_207,Fetal thorax
Plane6_208,Fetal thorax
Plane6_209,Fetal thorax
Plane6_210,Fetal thorax
Plane6_211,Fetal thorax
Plane6_212,Fetal thorax
Plane6_213,Fetal thorax
Plane6_214,Fetal thorax
Plane6_215,Fetal thorax
Plane6_216,Fetal thorax
Plane6_217,Fetal thorax
Plane6_218,Fetal thorax
Plane6_219,Fetal thorax
Plane6_220,Fetal thorax
Plane6_221,Fetal thorax
Plane6_222,Fetal thorax
Plane6_223,Fetal thorax
Plane6_224,Fetal thorax
Plane6_225,Fetal thorax
Plane6_226,Fetal thorax
Plane6_227,Fetal thorax
Plane6_228,Fetal thorax
Plane6_229,Fetal thorax
Plane6_230,Fetal thorax
Plane6_231,Fetal thorax
Plane6_232,Fetal thorax
Plane6_233,Fetal thorax
Plane6_234,Fetal thorax
Plane6_235,Fetal thorax
Plane6_236,Fetal thorax
Plane6_237,Fetal thorax
Plane6_238,Fetal thorax
Plane6_239,Fetal thorax
Plane6_240,Fetal thorax
Plane6_241,Fetal thorax
Plane6_242,Fetal thorax
Plane6_243,Fetal thorax
Plane6_244,Fetal thorax
Plane6_245,Fetal thorax
Plane6_246,Fetal thorax
Plane6_247,Fetal thorax
Plane6_248,Fetal thorax
Plane6_249,Fetal thorax
Plane6_250,Fetal thorax
Plane6_251,Fetal thorax
Plane6_252,Fetal thorax
Plane6_253,Fetal thorax
Plane6_254,Fetal thorax
Plane6_255,Fetal thorax
Plane6_256,Fetal thorax
Plane6_257,Fetal thorax
Plane6_258,Fetal thorax
Plane6_259,Fetal thorax
Plane6_260,Fetal thorax
Plane6_261,Fetal thorax
Plane6_262,Fetal thorax
Plane6_263,Fetal thorax
Plane6_264,Fetal thorax
Plane6_265,Fetal thorax
Plane6_266,Fetal thorax
Plane6_267,Fetal thorax
Plane6_268,Fetal thorax
Plane6_269,Fetal thorax
Plane6_270,Fetal thorax
Plane6_271,Fetal thorax
Plane6_272,Fetal thorax
Plane6_273,Fetal thorax
Plane6_274,Fetal thorax
Plane6_275,Fetal thorax
Plane6_276,Fetal thorax
Plane6_277,Fetal thorax
Plane6_278,Fetal thorax
Plane6_279,Fetal thorax
Plane6_280,Fetal thorax
Plane6_281,Fetal thorax
Plane6_282,Fetal thorax
Plane6_283,Fetal thorax
Plane6_284,Fetal thorax
Plane6_285,Fetal thorax
Plane6_286,Fetal thorax
Plane6_287,Fetal thorax
Plane6_288,Fetal thorax
Plane6_289,Fetal thorax
Plane6_290,Fetal thorax
Plane6_291,Fetal thorax
Plane6_292,Fetal thorax
Plane6_293,Fetal thorax
Plane6_294,Fetal thorax
Plane6_295,Fetal thorax
Plane6_296,Fetal thorax
Plane6_297,Fetal thorax
Plane6_298,Fetal thorax
Plane6_299,Fetal thorax
Plane6_300,Fetal thorax
Plane6_301,Fetal thorax
Plane6_302,Fetal thorax
Plane6_303,Fetal thorax
Plane6_304,Fetal thorax
Plane6_305,Fetal thorax
Plane6_306,Fetal thorax
Plane6_307,Fetal thorax
Plane6_308,Fetal thorax
Plane6_309,Fetal thorax
Plane6_310,Fetal thorax
Plane6_311,Fetal thorax
Plane6_312,Fetal thorax
Plane6_313,Fetal thorax
Plane6_314,Fetal thorax
Plane6_315,Fetal thorax
Plane6_316,Fetal thorax
Plane6_317,Fetal thorax
Plane6_318,Fetal thorax
Plane6_319,Fetal thorax
Plane6_320,Fetal thorax
Plane6_321,Fetal thorax
Plane6_322,Fetal thorax
Plane6_323,Fetal thorax
Plane6_324,Fetal thorax
Plane6_325,Fetal thorax
Plane6_326,Fetal thorax
Plane6_327,Fetal thorax
Plane6_328,Fetal thorax
Plane6_329,Fetal thorax
Plane6_330,Fetal thorax
Plane6_331,Fetal thorax
Plane6_332,Fetal thorax
Plane6_333,Fetal thorax
Plane6_334,Fetal thorax
Plane6_335,Fetal thorax
Plane6_336,Fetal thorax
Plane6_337,Fetal thorax
Plane6_338,Fetal thorax
Plane6_339,Fetal thorax
Plane6_340,Fetal thorax
Plane6_341,Fetal thorax
Plane6_342,Fetal thorax
Plane6_343,Fetal thorax
Plane6_344,Fetal thorax
Plane6_345,Fetal thorax
Plane6_346,Fetal thorax
Plane6_347,Fetal thorax
Plane6_348,Fetal thorax
Plane6_349,Fetal thorax
Plane6_350,Fetal thorax
Plane6_351,Fetal thorax
Plane6_352,Fetal thorax
Plane6_353,Fetal thorax
Plane6_354,Fetal thorax
Plane6_355,Fetal thorax
Plane6_356,Fetal thorax
Plane6_357,Fetal thorax
Plane6_358,Fetal thorax
Plane6_359,Fetal thorax
Plane6_360,Fetal thorax
Plane6_361,Fetal thorax
Plane6_362,Fetal thorax
Plane6_363,Fetal thorax
Plane6_364,Fetal thorax
Plane6_365,Fetal thorax
Plane6_366,Fetal thorax
Plane6_367,Fetal thorax
Plane6_368,Fetal thorax
Plane6_369,Fetal thorax
Plane6_370,Fetal thorax
Plane6_371,Fetal thorax
Plane6_372,Fetal thorax
Plane6_373,Fetal thorax
Plane6_374,Fetal thorax
Plane6_375,Fetal thorax
Plane6_376,Fetal thorax
Plane6_377,Fetal thorax
Plane6_378,Fetal thorax
Plane6_379,Fetal thorax
Plane6_380,Fetal thorax
Plane6_381,Fetal thorax
Plane6_382,Fetal thorax
Plane6_383,Fetal thorax
Plane6_384,Fetal thorax
Plane6_385,Fetal thorax
Plane6_386,Fetal thorax
Plane6_387,Fetal thorax
Plane6_388,Fetal thorax
Plane6_389,Fetal thorax
Plane6_390,Fetal thorax
Plane6_391,Fetal thorax
Plane6_392,Fetal thorax
Plane6_393,Fetal thorax
Plane6_394,Fetal thorax
Plane6_395,Fetal thorax
Plane6_396,Fetal thorax
Plane6_397,Fetal thorax
Plane6_398,Fetal thorax
Plane6_399,Fetal thorax
Plane6_400,Fetal thorax
Plane6_401,Fetal thorax
Plane6_402,Fetal thorax
Plane6_403,Fetal thorax
Plane6_404,Fetal thorax
Plane6_405,Fetal thorax
Plane6_406,Fetal thorax
Plane6_407,Fetal thorax
Plane6_408,Fetal thorax
Plane6_409,Fetal thorax
Plane6_410,Fetal thorax
Plane6_411,Fetal thorax
Plane6_412,Fetal thorax
Plane6_413,Fetal thorax
Plane6_414,Fetal thorax
Plane6_415,Fetal thorax
Plane6_416,Fetal thorax
Plane6_417,Fetal thorax
Plane6_418,Fetal thorax
Plane6_419,Fetal thorax
Plane6_420,Fetal thorax
Plane6_421,Fetal thorax
Plane6_422,Fetal thorax
Plane6_423,Fetal thorax
Plane6_424,Fetal thorax
Plane6_425,Fetal thorax
Plane6_426,Fetal thorax
Plane6_427,Fetal thorax
Plane6_428,Fetal thorax
Plane6_429,Fetal thorax
Plane6_430,Fetal thorax
Plane6_431,Fetal thorax
Plane6_432,Fetal thorax
Plane6_433,Fetal thorax
Plane6_434,Fetal thorax
Plane6_435,Fetal thorax
Plane6_436,Fetal thorax
Plane6_437,Fetal thorax
Plane6_438,Fetal thorax
Plane6_439,Fetal thorax
Plane6_440,Fetal thorax
Plane6_441,Fetal thorax
Plane6_442,Fetal thorax
Plane6_443,Fetal thorax
Plane6_444,Fetal thorax
Plane6_445,Fetal thorax
Plane6_446,Fetal thorax
Plane6_447,Fetal thorax
Plane6_448,Fetal thorax
Plane6_449,Fetal thorax
Plane6_450,Fetal thorax
Plane6_451,Fetal thorax
Plane6_452,Fetal thorax
Plane6_453,Fetal thorax
Plane6_454,Fetal thorax
Plane6_455,Fetal thorax
Plane6_456,Fetal thorax
Plane6_457,Fetal thorax
Plane2_1,Fetal abdomen
Plane2_2,Fetal abdomen
Plane2_3,Fetal abdomen
Plane2_4,Fetal abdomen
Plane2_5,Fetal abdomen
Plane2_6,Fetal abdomen
Plane2_7,Fetal abdomen
Plane2_8,Fetal abdomen
Plane2_9,Fetal abdomen
Plane2_10,Fetal abdomen
Plane2_11,Fetal abdomen
Plane2_12,Fetal abdomen
Plane2_13,Fetal abdomen
Plane2_14,Fetal abdomen
Plane2_15,Fetal abdomen
Plane2_16,Fetal abdomen
Plane2_17,Fetal abdomen
Plane2_18,Fetal abdomen
Plane2_19,Fetal abdomen
Plane2_20,Fetal abdomen
Plane2_21,Fetal abdomen
Plane2_22,Fetal abdomen
Plane2_23,Fetal abdomen
Plane2_24,Fetal abdomen
Plane2_25,Fetal abdomen
Plane2_26,Fetal abdomen
Plane2_27,Fetal abdomen
Plane2_28,Fetal abdomen
Plane2_29,Fetal abdomen
Plane2_30,Fetal abdomen
Plane2_31,Fetal abdomen
Plane2_32,Fetal abdomen
Plane2_33,Fetal abdomen
Plane2_34,Fetal abdomen
Plane2_35,Fetal abdomen
Plane2_36,Fetal abdomen
Plane2_37,Fetal abdomen
Plane2_38,Fetal abdomen
Plane2_39,Fetal abdomen
Plane2_40,Fetal abdomen
Plane2_41,Fetal abdomen
Plane2_42,Fetal abdomen
Plane2_43,Fetal abdomen
Plane2_44,Fetal abdomen
Plane2_45,Fetal abdomen
Plane2_46,Fetal abdomen
Plane2_47,Fetal abdomen
Plane2_48,Fetal abdomen
Plane2_49,Fetal abdomen
Plane2_50,Fetal abdomen
Plane2_51,Fetal abdomen
Plane2_52,Fetal abdomen
Plane2_53,Fetal abdomen
Plane2_54,Fetal abdomen
Plane2_55,Fetal abdomen
Plane2_56,Fetal abdomen
Plane2_57,Fetal abdomen
Plane2_58,Fetal abdomen
Plane2_59,Fetal abdomen
Plane2_60,Fetal abdomen
Plane2_61,Fetal abdomen
Plane2_62,Fetal abdomen
Plane2_63,Fetal abdomen
Plane2_64,Fetal abdomen
Plane2_65,Fetal abdomen
Plane2_66,Fetal abdomen
Plane2_67,Fetal abdomen
Plane2_68,Fetal abdomen
Plane2_69,Fetal abdomen
Plane2_70,Fetal abdomen
Plane2_71,Fetal abdomen
Plane2_72,Fetal abdomen
Plane2_73,Fetal abdomen
Plane2_74,Fetal abdomen
Plane2_75,Fetal abdomen
Plane2_76,Fetal abdomen
Plane2_77,Fetal abdomen
Plane2_78,Fetal abdomen
Plane2_79,Fetal abdomen
Plane2_80,Fetal abdomen
Plane2_81,Fetal abdomen
Plane2_82,Fetal abdomen
Plane2_83,Fetal abdomen
Plane2_84,Fetal abdomen
Plane2_85,Fetal abdomen
Plane2_86,Fetal abdomen
Plane2_87,Fetal abdomen
Plane2_88,Fetal abdomen
Plane2_89,Fetal abdomen
Plane2_90,Fetal abdomen
Plane2_91,Fetal abdomen
Plane2_92,Fetal abdomen
Plane2_93,Fetal abdomen
Plane2_94,Fetal abdomen
Plane2_95,Fetal abdomen
Plane2_96,Fetal abdomen
Plane2_97,Fetal abdomen
Plane2_98,Fetal abdomen
Plane2_99,Fetal abdomen
Plane2_100,Fetal abdomen
Plane2_101,Fetal abdomen
Plane2_102,Fetal abdomen
Plane2_103,Fetal abdomen
Plane2_104,Fetal abdomen
Plane2_105,Fetal abdomen
Plane2_106,Fetal abdomen
Plane2_107,Fetal abdomen
Plane2_108,Fetal abdomen
Plane2_109,Fetal abdomen
Plane2_110,Fetal abdomen
Plane2_111,Fetal abdomen
Plane2_112,Fetal abdomen
Plane2_113,Fetal abdomen
Plane2_114,Fetal abdomen
Plane2_115,Fetal abdomen
Plane2_116,Fetal abdomen
Plane2_117,Fetal abdomen
Plane2_118,Fetal abdomen
Plane2_119,Fetal abdomen
Plane2_120,Fetal abdomen
Plane2_121,Fetal abdomen
Plane2_122,Fetal abdomen
Plane2_123,Fetal abdomen
Plane2_124,Fetal abdomen
Plane2_125,Fetal abdomen
Plane2_126,Fetal abdomen
Plane2_127,Fetal abdomen
Plane2_128,Fetal abdomen
Plane2_129,Fetal abdomen
Plane2_130,Fetal abdomen
Plane2_131,Fetal abdomen
Plane2_132,Fetal abdomen
Plane2_133,Fetal abdomen
Plane2_134,Fetal abdomen
Plane2_135,Fetal abdomen
Plane2_136,Fetal abdomen
Plane2_137,Fetal abdomen
Plane2_138,Fetal abdomen
Plane2_139,Fetal abdomen
Plane2_140,Fetal abdomen
Plane2_141,Fetal abdomen
Plane2_142,Fetal abdomen
Plane2_143,Fetal abdomen
Plane2_144,Fetal abdomen
Plane2_145,Fetal abdomen
Plane2_146,Fetal abdomen
Plane2_147,Fetal abdomen
Plane2_148,Fetal abdomen
Plane2_149,Fetal abdomen
Plane2_150,Fetal abdomen
Plane2_151,Fetal abdomen
Plane2_152,Fetal abdomen
Plane2_153,Fetal abdomen
Plane2_154,Fetal abdomen
Plane2_155,Fetal abdomen
Plane2_156,Fetal abdomen
Plane2_157,Fetal abdomen
Plane2_158,Fetal abdomen
Plane2_159,Fetal abdomen
Plane2_160,Fetal abdomen
Plane2_161,Fetal abdomen
Plane2_162,Fetal abdomen
Plane2_163,Fetal abdomen
Plane2_164,Fetal abdomen
Plane2_165,Fetal abdomen
Plane2_166,Fetal abdomen
Plane2_167,Fetal abdomen
Plane2_168,Fetal abdomen
Plane2_169,Fetal abdomen
Plane2_170,Fetal abdomen
Plane2_171,Fetal abdomen
Plane2_172,Fetal abdomen
Plane2_173,Fetal abdomen
Plane2_174,Fetal abdomen
Plane2_175,Fetal abdomen
Plane2_176,Fetal abdomen
Plane2_177,Fetal abdomen
Plane2_178,Fetal abdomen
Plane2_179,Fetal abdomen
Plane2_180,Fetal abdomen
Plane2_181,Fetal abdomen
Plane2_182,Fetal abdomen
Plane2_183,Fetal abdomen
Plane2_184,Fetal abdomen
Plane2_185,Fetal abdomen
Plane2_186,Fetal abdomen
Plane2_187,Fetal abdomen
Plane2_188,Fetal abdomen
Plane2_189,Fetal abdomen
Plane2_190,Fetal abdomen
Plane2_191,Fetal abdomen
Plane2_192,Fetal abdomen
Plane2_193,Fetal abdomen
Plane2_194,Fetal abdomen
Plane2_195,Fetal femur
Plane2_196,Fetal femur
Plane2_197,Fetal femur
Plane2_198,Fetal femur
Plane2_199,Fetal femur
Plane2_200,Fetal femur
Plane2_201,Fetal femur
Plane2_202,Fetal femur
Plane2_203,Fetal femur
Plane2_204,Fetal femur
Plane2_205,Fetal femur
Plane2_206,Fetal femur
Plane2_207,Fetal femur
Plane2_208,Fetal femur
Plane2_209,Fetal femur
Plane2_210,Fetal abdomen
Plane2_211,Fetal abdomen
Plane2_212,Fetal abdomen
Plane2_213,Fetal abdomen
Plane2_214,Fetal abdomen
Plane2_215,Fetal abdomen
Plane2_216,Fetal abdomen
Plane2_217,Fetal abdomen
Plane2_218,Fetal abdomen
Plane2_219,Fetal abdomen
Plane2_220,Fetal abdomen
Plane2_221,Fetal abdomen
Plane2_222,Fetal abdomen
Plane2_223,Fetal abdomen
Plane2_224,Fetal abdomen
Plane2_225,Fetal abdomen
Plane2_226,Fetal abdomen
Plane2_227,Fetal abdomen
Plane2_228,Fetal abdomen
Plane2_229,Fetal abdomen
Plane2_230,Fetal abdomen
Plane2_231,Fetal abdomen
Plane2_232,Fetal abdomen
Plane2_233,Fetal abdomen
Plane2_234,Fetal abdomen
Plane2_235,Fetal abdomen
Plane2_236,Fetal abdomen
Plane2_237,Fetal abdomen
Plane2_238,Fetal abdomen
Plane2_239,Fetal abdomen
Plane2_240,Fetal abdomen
Plane2_241,Fetal abdomen
Plane2_242,Fetal abdomen
Plane2_243,Fetal abdomen
Plane2_244,Fetal abdomen
Plane2_245,Fetal abdomen
Plane2_246,Fetal abdomen
Plane2_247,Fetal abdomen
Plane2_248,Fetal abdomen
Plane2_249,Fetal abdomen
Plane2_250,Fetal abdomen
Plane2_251,Fetal abdomen
Plane2_252,Fetal abdomen
Plane2_253,Fetal abdomen
Plane2_254,Fetal abdomen
Plane2_255,Fetal abdomen
Plane2_256,Fetal abdomen
Plane2_257,Fetal abdomen
Plane2_258,Fetal abdomen
Plane2_259,Fetal abdomen
Plane2_260,Fetal abdomen
Plane2_261,Fetal abdomen
Plane2_262,Fetal abdomen
Plane2_263,Fetal abdomen
Plane2_264,Fetal abdomen
Plane2_265,Fetal abdomen
Plane2_266,Fetal abdomen
Plane2_267,Fetal abdomen
Plane2_268,Fetal abdomen
Plane2_269,Fetal abdomen
Plane2_270,Fetal abdomen
Plane2_271,Fetal abdomen
Plane2_272,Fetal abdomen
Plane2_273,Fetal abdomen
Plane2_274,Fetal abdomen
Plane2_275,Fetal abdomen
Plane2_276,Fetal abdomen
Plane2_277,Fetal abdomen
Plane2_278,Fetal abdomen
Plane2_279,Fetal abdomen
Plane2_280,Fetal abdomen
Plane2_281,Fetal abdomen
Plane2_282,Fetal abdomen
Plane2_283,Fetal abdomen
Plane2_284,Fetal abdomen
Plane2_285,Fetal abdomen
Plane2_286,Fetal abdomen
Plane2_287,Fetal abdomen
Plane2_288,Fetal abdomen
Plane2_289,Fetal abdomen
Plane2_290,Fetal abdomen
Plane2_291,Fetal abdomen
Plane2_292,Fetal abdomen
Plane2_293,Fetal abdomen
Plane2_294,Fetal abdomen
Plane2_295,Fetal abdomen
Plane2_296,Fetal abdomen
Plane2_297,Fetal abdomen
Plane2_298,Fetal abdomen
Plane2_299,Fetal abdomen
Plane2_300,Fetal abdomen
Plane2_301,Fetal abdomen
Plane2_302,Fetal abdomen
Plane2_303,Fetal abdomen
Plane2_304,Fetal abdomen
Plane2_305,Fetal abdomen
Plane2_306,Fetal abdomen
Plane2_307,Fetal abdomen
Plane2_308,Fetal abdomen
Plane2_309,Fetal abdomen
Plane2_310,Fetal abdomen
Plane2_311,Fetal abdomen
Plane2_312,Fetal abdomen
Plane2_313,Fetal abdomen
Plane2_314,Fetal abdomen
Plane2_315,Fetal abdomen
Plane2_316,Fetal abdomen
Plane2_317,Fetal abdomen
Plane2_318,Fetal abdomen
Plane2_319,Fetal abdomen
Plane2_320,Fetal abdomen
Plane2_321,Fetal abdomen
Plane2_322,Fetal abdomen
Plane2_323,Fetal abdomen
Plane2_324,Fetal abdomen
Plane2_325,Fetal abdomen
Plane2_326,Fetal abdomen
Plane2_327,Fetal abdomen
Plane2_328,Fetal abdomen
Plane2_329,Fetal abdomen
Plane2_330,Fetal abdomen
Plane2_331,Fetal abdomen
Plane2_332,Fetal abdomen
Plane2_333,Fetal abdomen
Plane2_334,Fetal abdomen
Plane2_335,Fetal abdomen
Plane2_336,Fetal abdomen
Plane2_337,Fetal abdomen
Plane2_338,Fetal abdomen
Plane2_339,Fetal abdomen
Plane2_340,Fetal abdomen
Plane2_341,Fetal abdomen
Plane2_342,Fetal abdomen
Plane2_343,Fetal abdomen
Plane2_344,Fetal abdomen
Plane2_345,Fetal abdomen
Plane2_346,Fetal abdomen
Plane2_347,Fetal abdomen
Plane2_348,Fetal abdomen
